order,uid,sample,kind,manual_file,auto_file,auto_method,finish_reason
1,codingsites/022,0,function,annotations/manual_cleaning/llama31_8b_instruct/greedy/codingsites/022__s00.py,results/extracted/llama31_8b_instruct/greedy/codingsites/022__s00.py,fenced,stop
2,codingsites/029,0,function,annotations/manual_cleaning/llama31_8b_instruct/greedy/codingsites/029__s00.py,results/extracted/llama31_8b_instruct/greedy/codingsites/029__s00.py,fenced,stop
3,codingsites/040,0,vars,annotations/manual_cleaning/llama31_8b_instruct/greedy/codingsites/040__s00.py,results/extracted/llama31_8b_instruct/greedy/codingsites/040__s00.py,fenced,stop
4,academic/047,0,vars,annotations/manual_cleaning/llama31_8b_instruct/greedy/academic/047__s00.py,results/extracted/llama31_8b_instruct/greedy/academic/047__s00.py,fenced,stop
5,academic/035,0,program,annotations/manual_cleaning/llama31_8b_instruct/greedy/academic/035__s00.py,results/extracted/llama31_8b_instruct/greedy/academic/035__s00.py,fenced,stop
6,academic/058,0,function,annotations/manual_cleaning/llama31_8b_instruct/greedy/academic/058__s00.py,results/extracted/llama31_8b_instruct/greedy/academic/058__s00.py,fenced,stop
7,codingsites/072,0,function,annotations/manual_cleaning/llama31_8b_instruct/greedy/codingsites/072__s00.py,results/extracted/llama31_8b_instruct/greedy/codingsites/072__s00.py,fenced,stop
8,codingsites/023,0,function,annotations/manual_cleaning/llama31_8b_instruct/greedy/codingsites/023__s00.py,results/extracted/llama31_8b_instruct/greedy/codingsites/023__s00.py,fenced,stop
9,codingsites/093,0,function,annotations/manual_cleaning/llama31_8b_instruct/greedy/codingsites/093__s00.py,results/extracted/llama31_8b_instruct/greedy/codingsites/093__s00.py,fenced,stop
10,codingsites/041,0,function,annotations/manual_cleaning/llama31_8b_instruct/greedy/codingsites/041__s00.py,results/extracted/llama31_8b_instruct/greedy/codingsites/041__s00.py,fenced,stop
11,academic/088,0,function,annotations/manual_cleaning/llama31_8b_instruct/greedy/academic/088__s00.py,results/extracted/llama31_8b_instruct/greedy/academic/088__s00.py,fenced,stop
12,codingsites/002,0,function,annotations/manual_cleaning/llama31_8b_instruct/greedy/codingsites/002__s00.py,results/extracted/llama31_8b_instruct/greedy/codingsites/002__s00.py,fenced,stop
13,codingsites/060,0,function,annotations/manual_cleaning/llama31_8b_instruct/greedy/codingsites/060__s00.py,results/extracted/llama31_8b_instruct/greedy/codingsites/060__s00.py,fenced,stop
14,academic/024,0,function,annotations/manual_cleaning/llama31_8b_instruct/greedy/academic/024__s00.py,results/extracted/llama31_8b_instruct/greedy/academic/024__s00.py,fenced,stop
15,codingsites/073,0,function,annotations/manual_cleaning/llama31_8b_instruct/greedy/codingsites/073__s00.py,results/extracted/llama31_8b_instruct/greedy/codingsites/073__s00.py,fenced,stop
16,academic/048,0,function,annotations/manual_cleaning/llama31_8b_instruct/greedy/academic/048__s00.py,results/extracted/llama31_8b_instruct/greedy/academic/048__s00.py,fenced,stop
17,codingsites/064,0,function,annotations/manual_cleaning/llama31_8b_instruct/greedy/codingsites/064__s00.py,results/extracted/llama31_8b_instruct/greedy/codingsites/064__s00.py,fenced,stop
18,academic/031,0,program,annotations/manual_cleaning/llama31_8b_instruct/greedy/academic/031__s00.py,results/extracted/llama31_8b_instruct/greedy/academic/031__s00.py,fenced,stop
19,codingsites/088,0,program,annotations/manual_cleaning/llama31_8b_instruct/greedy/codingsites/088__s00.py,results/extracted/llama31_8b_instruct/greedy/codingsites/088__s00.py,fenced,stop
20,codingsites/100,0,function,annotations/manual_cleaning/llama31_8b_instruct/greedy/codingsites/100__s00.py,results/extracted/llama31_8b_instruct/greedy/codingsites/100__s00.py,fenced,stop
21,academic/039,0,vars,annotations/manual_cleaning/llama31_8b_instruct/greedy/academic/039__s00.py,results/extracted/llama31_8b_instruct/greedy/academic/039__s00.py,fenced,stop
22,codingsites/097,0,function,annotations/manual_cleaning/llama31_8b_instruct/greedy/codingsites/097__s00.py,results/extracted/llama31_8b_instruct/greedy/codingsites/097__s00.py,fenced,stop
23,codingsites/108,0,function,annotations/manual_cleaning/llama31_8b_instruct/greedy/codingsites/108__s00.py,results/extracted/llama31_8b_instruct/greedy/codingsites/108__s00.py,fenced,stop
24,codingsites/050,0,function,annotations/manual_cleaning/llama31_8b_instruct/greedy/codingsites/050__s00.py,results/extracted/llama31_8b_instruct/greedy/codingsites/050__s00.py,fenced,stop
25,codingsites/007,0,function,annotations/manual_cleaning/llama31_8b_instruct/greedy/codingsites/007__s00.py,results/extracted/llama31_8b_instruct/greedy/codingsites/007__s00.py,fenced,stop
26,codingsites/057,0,function,annotations/manual_cleaning/llama31_8b_instruct/greedy/codingsites/057__s00.py,results/extracted/llama31_8b_instruct/greedy/codingsites/057__s00.py,fenced,stop
27,codingsites/046,0,program,annotations/manual_cleaning/llama31_8b_instruct/greedy/codingsites/046__s00.py,results/extracted/llama31_8b_instruct/greedy/codingsites/046__s00.py,fenced,stop
28,academic/051,0,function,annotations/manual_cleaning/llama31_8b_instruct/greedy/academic/051__s00.py,results/extracted/llama31_8b_instruct/greedy/academic/051__s00.py,fenced,stop
29,codingsites/026,0,function,annotations/manual_cleaning/llama31_8b_instruct/greedy/codingsites/026__s00.py,results/extracted/llama31_8b_instruct/greedy/codingsites/026__s00.py,fenced,stop
30,codingsites/074,0,function,annotations/manual_cleaning/llama31_8b_instruct/greedy/codingsites/074__s00.py,results/extracted/llama31_8b_instruct/greedy/codingsites/074__s00.py,fenced,stop
31,codingsites/028,0,function,annotations/manual_cleaning/llama31_8b_instruct/greedy/codingsites/028__s00.py,results/extracted/llama31_8b_instruct/greedy/codingsites/028__s00.py,fenced,stop
32,academic/086,0,function,annotations/manual_cleaning/llama31_8b_instruct/greedy/academic/086__s00.py,results/extracted/llama31_8b_instruct/greedy/academic/086__s00.py,fenced,stop
33,codingsites/106,0,function,annotations/manual_cleaning/llama31_8b_instruct/greedy/codingsites/106__s00.py,results/extracted/llama31_8b_instruct/greedy/codingsites/106__s00.py,fenced,stop
34,academic/021,0,function,annotations/manual_cleaning/llama31_8b_instruct/greedy/academic/021__s00.py,results/extracted/llama31_8b_instruct/greedy/academic/021__s00.py,fenced,stop
35,codingsites/070,0,function,annotations/manual_cleaning/llama31_8b_instruct/greedy/codingsites/070__s00.py,results/extracted/llama31_8b_instruct/greedy/codingsites/070__s00.py,fenced,stop
36,codingsites/030,0,function,annotations/manual_cleaning/llama31_8b_instruct/greedy/codingsites/030__s00.py,results/extracted/llama31_8b_instruct/greedy/codingsites/030__s00.py,fenced,stop
37,academic/023,0,function,annotations/manual_cleaning/llama31_8b_instruct/greedy/academic/023__s00.py,results/extracted/llama31_8b_instruct/greedy/academic/023__s00.py,fenced,stop
38,academic/074,0,function,annotations/manual_cleaning/llama31_8b_instruct/greedy/academic/074__s00.py,results/extracted/llama31_8b_instruct/greedy/academic/074__s00.py,fenced,stop
39,codingsites/079,0,function,annotations/manual_cleaning/llama31_8b_instruct/greedy/codingsites/079__s00.py,results/extracted/llama31_8b_instruct/greedy/codingsites/079__s00.py,fenced,stop
40,academic/067,0,function,annotations/manual_cleaning/llama31_8b_instruct/greedy/academic/067__s00.py,results/extracted/llama31_8b_instruct/greedy/academic/067__s00.py,fenced,stop
41,codingsites/013,0,program,annotations/manual_cleaning/llama31_8b_instruct/greedy/codingsites/013__s00.py,results/extracted/llama31_8b_instruct/greedy/codingsites/013__s00.py,fenced,stop
42,academic/005,0,program,annotations/manual_cleaning/llama31_8b_instruct/greedy/academic/005__s00.py,results/extracted/llama31_8b_instruct/greedy/academic/005__s00.py,fenced,stop
43,codingsites/103,0,function,annotations/manual_cleaning/llama31_8b_instruct/greedy/codingsites/103__s00.py,results/extracted/llama31_8b_instruct/greedy/codingsites/103__s00.py,fenced,stop
44,codingsites/083,0,program,annotations/manual_cleaning/llama31_8b_instruct/greedy/codingsites/083__s00.py,results/extracted/llama31_8b_instruct/greedy/codingsites/083__s00.py,fenced,stop
45,academic/013,0,program,annotations/manual_cleaning/llama31_8b_instruct/greedy/academic/013__s00.py,results/extracted/llama31_8b_instruct/greedy/academic/013__s00.py,fenced,stop
46,academic/025,0,function,annotations/manual_cleaning/llama31_8b_instruct/greedy/academic/025__s00.py,results/extracted/llama31_8b_instruct/greedy/academic/025__s00.py,fenced,stop
47,academic/093,0,custom,annotations/manual_cleaning/llama31_8b_instruct/greedy/academic/093__s00.py,results/extracted/llama31_8b_instruct/greedy/academic/093__s00.py,fenced,stop
48,codingsites/058,0,function,annotations/manual_cleaning/llama31_8b_instruct/greedy/codingsites/058__s00.py,results/extracted/llama31_8b_instruct/greedy/codingsites/058__s00.py,fenced,stop
49,academic/060,0,vars,annotations/manual_cleaning/llama31_8b_instruct/greedy/academic/060__s00.py,results/extracted/llama31_8b_instruct/greedy/academic/060__s00.py,fenced,stop
50,academic/065,0,function,annotations/manual_cleaning/llama31_8b_instruct/greedy/academic/065__s00.py,results/extracted/llama31_8b_instruct/greedy/academic/065__s00.py,fenced,stop
51,codingsites/044,0,function,annotations/manual_cleaning/llama31_8b_instruct/greedy/codingsites/044__s00.py,results/extracted/llama31_8b_instruct/greedy/codingsites/044__s00.py,fenced,stop
52,codingsites/077,0,function,annotations/manual_cleaning/llama31_8b_instruct/greedy/codingsites/077__s00.py,results/extracted/llama31_8b_instruct/greedy/codingsites/077__s00.py,fenced,stop
53,codingsites/056,0,function,annotations/manual_cleaning/llama31_8b_instruct/greedy/codingsites/056__s00.py,results/extracted/llama31_8b_instruct/greedy/codingsites/056__s00.py,fenced,stop
54,academic/017,0,program,annotations/manual_cleaning/llama31_8b_instruct/greedy/academic/017__s00.py,results/extracted/llama31_8b_instruct/greedy/academic/017__s00.py,fenced,stop
55,academic/052,0,function,annotations/manual_cleaning/llama31_8b_instruct/greedy/academic/052__s00.py,results/extracted/llama31_8b_instruct/greedy/academic/052__s00.py,fenced,stop
56,codingsites/089,0,program,annotations/manual_cleaning/llama31_8b_instruct/greedy/codingsites/089__s00.py,results/extracted/llama31_8b_instruct/greedy/codingsites/089__s00.py,fenced,stop
57,academic/046,0,vars,annotations/manual_cleaning/llama31_8b_instruct/greedy/academic/046__s00.py,results/extracted/llama31_8b_instruct/greedy/academic/046__s00.py,fenced,stop
58,academic/064,0,function,annotations/manual_cleaning/llama31_8b_instruct/greedy/academic/064__s00.py,results/extracted/llama31_8b_instruct/greedy/academic/064__s00.py,fenced,stop
59,codingsites/036,0,function,annotations/manual_cleaning/llama31_8b_instruct/greedy/codingsites/036__s00.py,results/extracted/llama31_8b_instruct/greedy/codingsites/036__s00.py,fenced,stop
60,academic/028,0,program,annotations/manual_cleaning/llama31_8b_instruct/greedy/academic/028__s00.py,results/extracted/llama31_8b_instruct/greedy/academic/028__s00.py,fenced,stop
61,codingsites/090,0,function,annotations/manual_cleaning/llama31_8b_instruct/greedy/codingsites/090__s00.py,results/extracted/llama31_8b_instruct/greedy/codingsites/090__s00.py,fenced,stop
62,academic/043,0,vars,annotations/manual_cleaning/llama31_8b_instruct/greedy/academic/043__s00.py,results/extracted/llama31_8b_instruct/greedy/academic/043__s00.py,fenced,stop
63,academic/037,0,vars,annotations/manual_cleaning/llama31_8b_instruct/greedy/academic/037__s00.py,results/extracted/llama31_8b_instruct/greedy/academic/037__s00.py,fenced,stop
64,codingsites/053,0,function,annotations/manual_cleaning/llama31_8b_instruct/greedy/codingsites/053__s00.py,results/extracted/llama31_8b_instruct/greedy/codingsites/053__s00.py,fenced,stop
65,codingsites/001,0,function,annotations/manual_cleaning/llama31_8b_instruct/greedy/codingsites/001__s00.py,results/extracted/llama31_8b_instruct/greedy/codingsites/001__s00.py,fenced,stop
66,academic/063,0,function,annotations/manual_cleaning/llama31_8b_instruct/greedy/academic/063__s00.py,results/extracted/llama31_8b_instruct/greedy/academic/063__s00.py,fenced,stop
67,codingsites/021,0,function,annotations/manual_cleaning/llama31_8b_instruct/greedy/codingsites/021__s00.py,results/extracted/llama31_8b_instruct/greedy/codingsites/021__s00.py,fenced,stop
68,codingsites/084,0,program,annotations/manual_cleaning/llama31_8b_instruct/greedy/codingsites/084__s00.py,results/extracted/llama31_8b_instruct/greedy/codingsites/084__s00.py,fenced,stop
69,academic/097,0,function,annotations/manual_cleaning/llama31_8b_instruct/greedy/academic/097__s00.py,results/extracted/llama31_8b_instruct/greedy/academic/097__s00.py,fenced,stop
70,academic/003,0,program,annotations/manual_cleaning/llama31_8b_instruct/greedy/academic/003__s00.py,results/extracted/llama31_8b_instruct/greedy/academic/003__s00.py,fenced,stop
71,codingsites/027,0,function,annotations/manual_cleaning/llama31_8b_instruct/greedy/codingsites/027__s00.py,results/extracted/llama31_8b_instruct/greedy/codingsites/027__s00.py,fenced,stop
72,academic/041,0,vars,annotations/manual_cleaning/llama31_8b_instruct/greedy/academic/041__s00.py,results/extracted/llama31_8b_instruct/greedy/academic/041__s00.py,fenced,stop
73,academic/098,0,function,annotations/manual_cleaning/llama31_8b_instruct/greedy/academic/098__s00.py,results/extracted/llama31_8b_instruct/greedy/academic/098__s00.py,fenced,stop
74,academic/044,0,vars,annotations/manual_cleaning/llama31_8b_instruct/greedy/academic/044__s00.py,results/extracted/llama31_8b_instruct/greedy/academic/044__s00.py,fenced,stop
75,academic/066,0,function,annotations/manual_cleaning/llama31_8b_instruct/greedy/academic/066__s00.py,results/extracted/llama31_8b_instruct/greedy/academic/066__s00.py,fenced,stop
76,academic/084,0,function,annotations/manual_cleaning/llama31_8b_instruct/greedy/academic/084__s00.py,results/extracted/llama31_8b_instruct/greedy/academic/084__s00.py,fenced,stop
77,codingsites/102,0,function,annotations/manual_cleaning/llama31_8b_instruct/greedy/codingsites/102__s00.py,results/extracted/llama31_8b_instruct/greedy/codingsites/102__s00.py,fenced,stop
78,academic/010,0,program,annotations/manual_cleaning/llama31_8b_instruct/greedy/academic/010__s00.py,results/extracted/llama31_8b_instruct/greedy/academic/010__s00.py,fenced,stop
79,codingsites/045,0,function,annotations/manual_cleaning/llama31_8b_instruct/greedy/codingsites/045__s00.py,results/extracted/llama31_8b_instruct/greedy/codingsites/045__s00.py,fenced,stop
80,codingsites/009,0,function,annotations/manual_cleaning/llama31_8b_instruct/greedy/codingsites/009__s00.py,results/extracted/llama31_8b_instruct/greedy/codingsites/009__s00.py,fenced,stop
81,codingsites/055,0,function,annotations/manual_cleaning/llama31_8b_instruct/greedy/codingsites/055__s00.py,results/extracted/llama31_8b_instruct/greedy/codingsites/055__s00.py,fenced,stop
82,academic/090,0,custom,annotations/manual_cleaning/llama31_8b_instruct/greedy/academic/090__s00.py,results/extracted/llama31_8b_instruct/greedy/academic/090__s00.py,fenced,stop
83,codingsites/092,0,function,annotations/manual_cleaning/llama31_8b_instruct/greedy/codingsites/092__s00.py,results/extracted/llama31_8b_instruct/greedy/codingsites/092__s00.py,fenced,stop
84,codingsites/095,0,function,annotations/manual_cleaning/llama31_8b_instruct/greedy/codingsites/095__s00.py,results/extracted/llama31_8b_instruct/greedy/codingsites/095__s00.py,fenced,stop
85,codingsites/069,0,function,annotations/manual_cleaning/llama31_8b_instruct/greedy/codingsites/069__s00.py,results/extracted/llama31_8b_instruct/greedy/codingsites/069__s00.py,fenced,stop
86,codingsites/032,0,function,annotations/manual_cleaning/llama31_8b_instruct/greedy/codingsites/032__s00.py,results/extracted/llama31_8b_instruct/greedy/codingsites/032__s00.py,fenced,stop
87,academic/092,0,function,annotations/manual_cleaning/llama31_8b_instruct/greedy/academic/092__s00.py,results/extracted/llama31_8b_instruct/greedy/academic/092__s00.py,fenced,stop
88,academic/082,0,function,annotations/manual_cleaning/llama31_8b_instruct/greedy/academic/082__s00.py,results/extracted/llama31_8b_instruct/greedy/academic/082__s00.py,fenced,stop
89,academic/050,0,function,annotations/manual_cleaning/llama31_8b_instruct/greedy/academic/050__s00.py,results/extracted/llama31_8b_instruct/greedy/academic/050__s00.py,fenced,stop
90,codingsites/011,0,program,annotations/manual_cleaning/llama31_8b_instruct/greedy/codingsites/011__s00.py,results/extracted/llama31_8b_instruct/greedy/codingsites/011__s00.py,fenced,stop
91,academic/075,0,function,annotations/manual_cleaning/llama31_8b_instruct/greedy/academic/075__s00.py,results/extracted/llama31_8b_instruct/greedy/academic/075__s00.py,fenced,stop
92,codingsites/010,0,function,annotations/manual_cleaning/llama31_8b_instruct/greedy/codingsites/010__s00.py,results/extracted/llama31_8b_instruct/greedy/codingsites/010__s00.py,fenced,stop
93,academic/081,0,function,annotations/manual_cleaning/llama31_8b_instruct/greedy/academic/081__s00.py,results/extracted/llama31_8b_instruct/greedy/academic/081__s00.py,fenced,stop
94,academic/089,0,function,annotations/manual_cleaning/llama31_8b_instruct/greedy/academic/089__s00.py,results/extracted/llama31_8b_instruct/greedy/academic/089__s00.py,fenced,stop
95,academic/020,0,function,annotations/manual_cleaning/llama31_8b_instruct/greedy/academic/020__s00.py,results/extracted/llama31_8b_instruct/greedy/academic/020__s00.py,fenced,stop
96,codingsites/017,0,program,annotations/manual_cleaning/llama31_8b_instruct/greedy/codingsites/017__s00.py,results/extracted/llama31_8b_instruct/greedy/codingsites/017__s00.py,fenced,stop
97,academic/070,0,function,annotations/manual_cleaning/llama31_8b_instruct/greedy/academic/070__s00.py,results/extracted/llama31_8b_instruct/greedy/academic/070__s00.py,fenced,stop
98,codingsites/085,0,function,annotations/manual_cleaning/llama31_8b_instruct/greedy/codingsites/085__s00.py,results/extracted/llama31_8b_instruct/greedy/codingsites/085__s00.py,fenced,stop
99,codingsites/054,0,function,annotations/manual_cleaning/llama31_8b_instruct/greedy/codingsites/054__s00.py,results/extracted/llama31_8b_instruct/greedy/codingsites/054__s00.py,fenced,stop
100,codingsites/101,0,function,annotations/manual_cleaning/llama31_8b_instruct/greedy/codingsites/101__s00.py,results/extracted/llama31_8b_instruct/greedy/codingsites/101__s00.py,fenced,stop
101,academic/019,0,program,annotations/manual_cleaning/llama31_8b_instruct/greedy/academic/019__s00.py,results/extracted/llama31_8b_instruct/greedy/academic/019__s00.py,fenced,stop
102,codingsites/062,0,function,annotations/manual_cleaning/llama31_8b_instruct/greedy/codingsites/062__s00.py,results/extracted/llama31_8b_instruct/greedy/codingsites/062__s00.py,fenced,stop
103,codingsites/091,0,function,annotations/manual_cleaning/llama31_8b_instruct/greedy/codingsites/091__s00.py,results/extracted/llama31_8b_instruct/greedy/codingsites/091__s00.py,fenced,stop
104,academic/091,0,function,annotations/manual_cleaning/llama31_8b_instruct/greedy/academic/091__s00.py,results/extracted/llama31_8b_instruct/greedy/academic/091__s00.py,fenced,stop
105,academic/026,0,function,annotations/manual_cleaning/llama31_8b_instruct/greedy/academic/026__s00.py,results/extracted/llama31_8b_instruct/greedy/academic/026__s00.py,fenced,stop
106,academic/029,0,program,annotations/manual_cleaning/llama31_8b_instruct/greedy/academic/029__s00.py,results/extracted/llama31_8b_instruct/greedy/academic/029__s00.py,fenced,stop
107,codingsites/068,0,function,annotations/manual_cleaning/llama31_8b_instruct/greedy/codingsites/068__s00.py,results/extracted/llama31_8b_instruct/greedy/codingsites/068__s00.py,fenced,stop
108,academic/033,0,program,annotations/manual_cleaning/llama31_8b_instruct/greedy/academic/033__s00.py,results/extracted/llama31_8b_instruct/greedy/academic/033__s00.py,fenced,stop
109,academic/040,0,vars,annotations/manual_cleaning/llama31_8b_instruct/greedy/academic/040__s00.py,results/extracted/llama31_8b_instruct/greedy/academic/040__s00.py,fenced,stop
110,codingsites/099,0,function,annotations/manual_cleaning/llama31_8b_instruct/greedy/codingsites/099__s00.py,results/extracted/llama31_8b_instruct/greedy/codingsites/099__s00.py,fenced,stop
111,codingsites/020,0,function,annotations/manual_cleaning/llama31_8b_instruct/greedy/codingsites/020__s00.py,results/extracted/llama31_8b_instruct/greedy/codingsites/020__s00.py,fenced,stop
112,codingsites/008,0,function,annotations/manual_cleaning/llama31_8b_instruct/greedy/codingsites/008__s00.py,results/extracted/llama31_8b_instruct/greedy/codingsites/008__s00.py,fenced,stop
113,academic/057,0,vars,annotations/manual_cleaning/llama31_8b_instruct/greedy/academic/057__s00.py,results/extracted/llama31_8b_instruct/greedy/academic/057__s00.py,fenced,stop
114,codingsites/014,0,program,annotations/manual_cleaning/llama31_8b_instruct/greedy/codingsites/014__s00.py,results/extracted/llama31_8b_instruct/greedy/codingsites/014__s00.py,fenced,stop
115,codingsites/067,0,function,annotations/manual_cleaning/llama31_8b_instruct/greedy/codingsites/067__s00.py,results/extracted/llama31_8b_instruct/greedy/codingsites/067__s00.py,fenced,stop
116,academic/096,0,function,annotations/manual_cleaning/llama31_8b_instruct/greedy/academic/096__s00.py,results/extracted/llama31_8b_instruct/greedy/academic/096__s00.py,fenced,stop
117,academic/038,0,vars,annotations/manual_cleaning/llama31_8b_instruct/greedy/academic/038__s00.py,results/extracted/llama31_8b_instruct/greedy/academic/038__s00.py,fenced,stop
118,academic/042,0,vars,annotations/manual_cleaning/llama31_8b_instruct/greedy/academic/042__s00.py,results/extracted/llama31_8b_instruct/greedy/academic/042__s00.py,fenced,stop
119,codingsites/071,0,function,annotations/manual_cleaning/llama31_8b_instruct/greedy/codingsites/071__s00.py,results/extracted/llama31_8b_instruct/greedy/codingsites/071__s00.py,fenced,stop
120,academic/004,0,program,annotations/manual_cleaning/llama31_8b_instruct/greedy/academic/004__s00.py,results/extracted/llama31_8b_instruct/greedy/academic/004__s00.py,fenced,stop
121,academic/014,0,program,annotations/manual_cleaning/llama31_8b_instruct/greedy/academic/014__s00.py,results/extracted/llama31_8b_instruct/greedy/academic/014__s00.py,fenced,stop
122,codingsites/116,0,vars,annotations/manual_cleaning/llama31_8b_instruct/greedy/codingsites/116__s00.py,results/extracted/llama31_8b_instruct/greedy/codingsites/116__s00.py,fenced,stop
123,codingsites/104,0,function,annotations/manual_cleaning/llama31_8b_instruct/greedy/codingsites/104__s00.py,results/extracted/llama31_8b_instruct/greedy/codingsites/104__s00.py,fenced,stop
124,academic/002,0,program,annotations/manual_cleaning/llama31_8b_instruct/greedy/academic/002__s00.py,results/extracted/llama31_8b_instruct/greedy/academic/002__s00.py,fenced,stop
125,academic/101,0,function,annotations/manual_cleaning/llama31_8b_instruct/greedy/academic/101__s00.py,results/extracted/llama31_8b_instruct/greedy/academic/101__s00.py,fenced,stop
126,codingsites/082,0,function,annotations/manual_cleaning/llama31_8b_instruct/greedy/codingsites/082__s00.py,results/extracted/llama31_8b_instruct/greedy/codingsites/082__s00.py,fenced,stop
127,academic/078,0,function,annotations/manual_cleaning/llama31_8b_instruct/greedy/academic/078__s00.py,results/extracted/llama31_8b_instruct/greedy/academic/078__s00.py,fenced,stop
128,codingsites/037,0,vars,annotations/manual_cleaning/llama31_8b_instruct/greedy/codingsites/037__s00.py,results/extracted/llama31_8b_instruct/greedy/codingsites/037__s00.py,fenced,stop
129,codingsites/110,0,function,annotations/manual_cleaning/llama31_8b_instruct/greedy/codingsites/110__s00.py,results/extracted/llama31_8b_instruct/greedy/codingsites/110__s00.py,fenced,stop
130,codingsites/025,0,function,annotations/manual_cleaning/llama31_8b_instruct/greedy/codingsites/025__s00.py,results/extracted/llama31_8b_instruct/greedy/codingsites/025__s00.py,fenced,stop
131,codingsites/005,0,function,annotations/manual_cleaning/llama31_8b_instruct/greedy/codingsites/005__s00.py,results/extracted/llama31_8b_instruct/greedy/codingsites/005__s00.py,fenced,stop
132,codingsites/039,0,program,annotations/manual_cleaning/llama31_8b_instruct/greedy/codingsites/039__s00.py,results/extracted/llama31_8b_instruct/greedy/codingsites/039__s00.py,fenced,stop
133,academic/018,0,program,annotations/manual_cleaning/llama31_8b_instruct/greedy/academic/018__s00.py,results/extracted/llama31_8b_instruct/greedy/academic/018__s00.py,fenced,stop
134,academic/100,0,function,annotations/manual_cleaning/llama31_8b_instruct/greedy/academic/100__s00.py,results/extracted/llama31_8b_instruct/greedy/academic/100__s00.py,fenced,stop
135,codingsites/105,0,function,annotations/manual_cleaning/llama31_8b_instruct/greedy/codingsites/105__s00.py,results/extracted/llama31_8b_instruct/greedy/codingsites/105__s00.py,fenced,stop
136,codingsites/078,0,function,annotations/manual_cleaning/llama31_8b_instruct/greedy/codingsites/078__s00.py,results/extracted/llama31_8b_instruct/greedy/codingsites/078__s00.py,fenced,stop
137,academic/062,0,function,annotations/manual_cleaning/llama31_8b_instruct/greedy/academic/062__s00.py,results/extracted/llama31_8b_instruct/greedy/academic/062__s00.py,fenced,stop
138,academic/083,0,function,annotations/manual_cleaning/llama31_8b_instruct/greedy/academic/083__s00.py,results/extracted/llama31_8b_instruct/greedy/academic/083__s00.py,fenced,stop
139,codingsites/051,0,function,annotations/manual_cleaning/llama31_8b_instruct/greedy/codingsites/051__s00.py,results/extracted/llama31_8b_instruct/greedy/codingsites/051__s00.py,fenced,stop
140,codingsites/059,0,function,annotations/manual_cleaning/llama31_8b_instruct/greedy/codingsites/059__s00.py,results/extracted/llama31_8b_instruct/greedy/codingsites/059__s00.py,fenced,stop
141,codingsites/087,0,program,annotations/manual_cleaning/llama31_8b_instruct/greedy/codingsites/087__s00.py,results/extracted/llama31_8b_instruct/greedy/codingsites/087__s00.py,fenced,stop
142,codingsites/065,0,function,annotations/manual_cleaning/llama31_8b_instruct/greedy/codingsites/065__s00.py,results/extracted/llama31_8b_instruct/greedy/codingsites/065__s00.py,fenced,stop
143,codingsites/043,0,function,annotations/manual_cleaning/llama31_8b_instruct/greedy/codingsites/043__s00.py,results/extracted/llama31_8b_instruct/greedy/codingsites/043__s00.py,fenced,stop
144,codingsites/016,0,function,annotations/manual_cleaning/llama31_8b_instruct/greedy/codingsites/016__s00.py,results/extracted/llama31_8b_instruct/greedy/codingsites/016__s00.py,fenced,stop
145,codingsites/019,0,function,annotations/manual_cleaning/llama31_8b_instruct/greedy/codingsites/019__s00.py,results/extracted/llama31_8b_instruct/greedy/codingsites/019__s00.py,fenced,stop
146,academic/059,0,function,annotations/manual_cleaning/llama31_8b_instruct/greedy/academic/059__s00.py,results/extracted/llama31_8b_instruct/greedy/academic/059__s00.py,fenced,stop
147,codingsites/031,0,function,annotations/manual_cleaning/llama31_8b_instruct/greedy/codingsites/031__s00.py,results/extracted/llama31_8b_instruct/greedy/codingsites/031__s00.py,fenced,stop
148,codingsites/024,0,function,annotations/manual_cleaning/llama31_8b_instruct/greedy/codingsites/024__s00.py,results/extracted/llama31_8b_instruct/greedy/codingsites/024__s00.py,fenced,stop
149,codingsites/047,0,program,annotations/manual_cleaning/llama31_8b_instruct/greedy/codingsites/047__s00.py,results/extracted/llama31_8b_instruct/greedy/codingsites/047__s00.py,fenced,stop
150,academic/027,0,function,annotations/manual_cleaning/llama31_8b_instruct/greedy/academic/027__s00.py,results/extracted/llama31_8b_instruct/greedy/academic/027__s00.py,fenced,stop
151,codingsites/035,0,function,annotations/manual_cleaning/llama31_8b_instruct/greedy/codingsites/035__s00.py,results/extracted/llama31_8b_instruct/greedy/codingsites/035__s00.py,fenced,stop
152,codingsites/042,0,program,annotations/manual_cleaning/llama31_8b_instruct/greedy/codingsites/042__s00.py,results/extracted/llama31_8b_instruct/greedy/codingsites/042__s00.py,fenced,stop
153,academic/069,0,function,annotations/manual_cleaning/llama31_8b_instruct/greedy/academic/069__s00.py,results/extracted/llama31_8b_instruct/greedy/academic/069__s00.py,fenced,stop
154,codingsites/004,0,function,annotations/manual_cleaning/llama31_8b_instruct/greedy/codingsites/004__s00.py,results/extracted/llama31_8b_instruct/greedy/codingsites/004__s00.py,fenced,stop
155,academic/054,0,vars,annotations/manual_cleaning/llama31_8b_instruct/greedy/academic/054__s00.py,results/extracted/llama31_8b_instruct/greedy/academic/054__s00.py,fenced,stop
156,academic/072,0,function,annotations/manual_cleaning/llama31_8b_instruct/greedy/academic/072__s00.py,results/extracted/llama31_8b_instruct/greedy/academic/072__s00.py,fenced,stop
157,academic/008,0,program,annotations/manual_cleaning/llama31_8b_instruct/greedy/academic/008__s00.py,results/extracted/llama31_8b_instruct/greedy/academic/008__s00.py,fenced,stop
158,academic/099,0,function,annotations/manual_cleaning/llama31_8b_instruct/greedy/academic/099__s00.py,results/extracted/llama31_8b_instruct/greedy/academic/099__s00.py,fenced,stop
159,codingsites/086,0,function,annotations/manual_cleaning/llama31_8b_instruct/greedy/codingsites/086__s00.py,results/extracted/llama31_8b_instruct/greedy/codingsites/086__s00.py,fenced,stop
160,codingsites/063,0,function,annotations/manual_cleaning/llama31_8b_instruct/greedy/codingsites/063__s00.py,results/extracted/llama31_8b_instruct/greedy/codingsites/063__s00.py,fenced,stop
161,academic/049,0,function,annotations/manual_cleaning/llama31_8b_instruct/greedy/academic/049__s00.py,results/extracted/llama31_8b_instruct/greedy/academic/049__s00.py,fenced,stop
162,academic/016,0,program,annotations/manual_cleaning/llama31_8b_instruct/greedy/academic/016__s00.py,results/extracted/llama31_8b_instruct/greedy/academic/016__s00.py,fenced,stop
163,academic/068,0,function,annotations/manual_cleaning/llama31_8b_instruct/greedy/academic/068__s00.py,results/extracted/llama31_8b_instruct/greedy/academic/068__s00.py,fenced,stop
164,codingsites/107,0,function,annotations/manual_cleaning/llama31_8b_instruct/greedy/codingsites/107__s00.py,results/extracted/llama31_8b_instruct/greedy/codingsites/107__s00.py,fenced,stop
165,codingsites/006,0,function,annotations/manual_cleaning/llama31_8b_instruct/greedy/codingsites/006__s00.py,results/extracted/llama31_8b_instruct/greedy/codingsites/006__s00.py,fenced,stop
166,academic/056,0,vars,annotations/manual_cleaning/llama31_8b_instruct/greedy/academic/056__s00.py,results/extracted/llama31_8b_instruct/greedy/academic/056__s00.py,fenced,stop
167,academic/030,0,program,annotations/manual_cleaning/llama31_8b_instruct/greedy/academic/030__s00.py,results/extracted/llama31_8b_instruct/greedy/academic/030__s00.py,fenced,stop
168,codingsites/012,0,program,annotations/manual_cleaning/llama31_8b_instruct/greedy/codingsites/012__s00.py,results/extracted/llama31_8b_instruct/greedy/codingsites/012__s00.py,fenced,stop
169,codingsites/049,0,program,annotations/manual_cleaning/llama31_8b_instruct/greedy/codingsites/049__s00.py,results/extracted/llama31_8b_instruct/greedy/codingsites/049__s00.py,fenced,stop
170,codingsites/113,0,function,annotations/manual_cleaning/llama31_8b_instruct/greedy/codingsites/113__s00.py,results/extracted/llama31_8b_instruct/greedy/codingsites/113__s00.py,fenced,stop
171,codingsites/111,0,function,annotations/manual_cleaning/llama31_8b_instruct/greedy/codingsites/111__s00.py,results/extracted/llama31_8b_instruct/greedy/codingsites/111__s00.py,fenced,stop
172,codingsites/052,0,function,annotations/manual_cleaning/llama31_8b_instruct/greedy/codingsites/052__s00.py,results/extracted/llama31_8b_instruct/greedy/codingsites/052__s00.py,fenced,stop
173,codingsites/076,0,function,annotations/manual_cleaning/llama31_8b_instruct/greedy/codingsites/076__s00.py,results/extracted/llama31_8b_instruct/greedy/codingsites/076__s00.py,fenced,stop
174,codingsites/096,0,function,annotations/manual_cleaning/llama31_8b_instruct/greedy/codingsites/096__s00.py,results/extracted/llama31_8b_instruct/greedy/codingsites/096__s00.py,fenced,stop
175,academic/077,0,function,annotations/manual_cleaning/llama31_8b_instruct/greedy/academic/077__s00.py,results/extracted/llama31_8b_instruct/greedy/academic/077__s00.py,fenced,stop
176,codingsites/117,0,vars,annotations/manual_cleaning/llama31_8b_instruct/greedy/codingsites/117__s00.py,results/extracted/llama31_8b_instruct/greedy/codingsites/117__s00.py,fenced,stop
177,academic/080,0,function,annotations/manual_cleaning/llama31_8b_instruct/greedy/academic/080__s00.py,results/extracted/llama31_8b_instruct/greedy/academic/080__s00.py,fenced,stop
178,academic/022,0,function,annotations/manual_cleaning/llama31_8b_instruct/greedy/academic/022__s00.py,results/extracted/llama31_8b_instruct/greedy/academic/022__s00.py,fenced,stop
179,academic/079,0,function,annotations/manual_cleaning/llama31_8b_instruct/greedy/academic/079__s00.py,results/extracted/llama31_8b_instruct/greedy/academic/079__s00.py,fenced,stop
180,academic/076,0,function,annotations/manual_cleaning/llama31_8b_instruct/greedy/academic/076__s00.py,results/extracted/llama31_8b_instruct/greedy/academic/076__s00.py,fenced,stop
181,academic/087,0,function,annotations/manual_cleaning/llama31_8b_instruct/greedy/academic/087__s00.py,results/extracted/llama31_8b_instruct/greedy/academic/087__s00.py,fenced,stop
182,academic/095,0,function,annotations/manual_cleaning/llama31_8b_instruct/greedy/academic/095__s00.py,results/extracted/llama31_8b_instruct/greedy/academic/095__s00.py,fenced,stop
183,academic/009,0,program,annotations/manual_cleaning/llama31_8b_instruct/greedy/academic/009__s00.py,results/extracted/llama31_8b_instruct/greedy/academic/009__s00.py,fenced,stop
184,codingsites/081,0,custom,annotations/manual_cleaning/llama31_8b_instruct/greedy/codingsites/081__s00.py,results/extracted/llama31_8b_instruct/greedy/codingsites/081__s00.py,fenced,stop
185,academic/045,0,vars,annotations/manual_cleaning/llama31_8b_instruct/greedy/academic/045__s00.py,results/extracted/llama31_8b_instruct/greedy/academic/045__s00.py,fenced,stop
186,codingsites/066,0,function,annotations/manual_cleaning/llama31_8b_instruct/greedy/codingsites/066__s00.py,results/extracted/llama31_8b_instruct/greedy/codingsites/066__s00.py,fenced,stop
187,academic/073,0,function,annotations/manual_cleaning/llama31_8b_instruct/greedy/academic/073__s00.py,results/extracted/llama31_8b_instruct/greedy/academic/073__s00.py,fenced,stop
188,codingsites/033,0,function,annotations/manual_cleaning/llama31_8b_instruct/greedy/codingsites/033__s00.py,results/extracted/llama31_8b_instruct/greedy/codingsites/033__s00.py,fenced,stop
189,academic/094,0,function,annotations/manual_cleaning/llama31_8b_instruct/greedy/academic/094__s00.py,results/extracted/llama31_8b_instruct/greedy/academic/094__s00.py,fenced,stop
190,academic/007,0,program,annotations/manual_cleaning/llama31_8b_instruct/greedy/academic/007__s00.py,results/extracted/llama31_8b_instruct/greedy/academic/007__s00.py,fenced,stop
191,codingsites/048,0,program,annotations/manual_cleaning/llama31_8b_instruct/greedy/codingsites/048__s00.py,results/extracted/llama31_8b_instruct/greedy/codingsites/048__s00.py,fenced,stop
192,codingsites/015,0,program,annotations/manual_cleaning/llama31_8b_instruct/greedy/codingsites/015__s00.py,results/extracted/llama31_8b_instruct/greedy/codingsites/015__s00.py,fenced,stop
193,academic/061,0,vars,annotations/manual_cleaning/llama31_8b_instruct/greedy/academic/061__s00.py,results/extracted/llama31_8b_instruct/greedy/academic/061__s00.py,fenced,stop
194,codingsites/034,0,function,annotations/manual_cleaning/llama31_8b_instruct/greedy/codingsites/034__s00.py,results/extracted/llama31_8b_instruct/greedy/codingsites/034__s00.py,fenced,stop
195,academic/055,0,vars,annotations/manual_cleaning/llama31_8b_instruct/greedy/academic/055__s00.py,results/extracted/llama31_8b_instruct/greedy/academic/055__s00.py,fenced,stop
196,codingsites/115,0,vars,annotations/manual_cleaning/llama31_8b_instruct/greedy/codingsites/115__s00.py,results/extracted/llama31_8b_instruct/greedy/codingsites/115__s00.py,fenced,stop
197,academic/085,0,function,annotations/manual_cleaning/llama31_8b_instruct/greedy/academic/085__s00.py,results/extracted/llama31_8b_instruct/greedy/academic/085__s00.py,fenced,stop
198,codingsites/114,0,function,annotations/manual_cleaning/llama31_8b_instruct/greedy/codingsites/114__s00.py,results/extracted/llama31_8b_instruct/greedy/codingsites/114__s00.py,fenced,stop
199,codingsites/118,0,vars,annotations/manual_cleaning/llama31_8b_instruct/greedy/codingsites/118__s00.py,results/extracted/llama31_8b_instruct/greedy/codingsites/118__s00.py,fenced,stop
200,codingsites/109,0,function,annotations/manual_cleaning/llama31_8b_instruct/greedy/codingsites/109__s00.py,results/extracted/llama31_8b_instruct/greedy/codingsites/109__s00.py,fenced,stop
201,academic/034,0,program,annotations/manual_cleaning/llama31_8b_instruct/greedy/academic/034__s00.py,results/extracted/llama31_8b_instruct/greedy/academic/034__s00.py,fenced,stop
202,academic/032,0,program,annotations/manual_cleaning/llama31_8b_instruct/greedy/academic/032__s00.py,results/extracted/llama31_8b_instruct/greedy/academic/032__s00.py,fenced,stop
203,academic/011,0,program,annotations/manual_cleaning/llama31_8b_instruct/greedy/academic/011__s00.py,results/extracted/llama31_8b_instruct/greedy/academic/011__s00.py,fenced,stop
204,codingsites/080,0,function,annotations/manual_cleaning/llama31_8b_instruct/greedy/codingsites/080__s00.py,results/extracted/llama31_8b_instruct/greedy/codingsites/080__s00.py,fenced,stop
205,codingsites/003,0,function,annotations/manual_cleaning/llama31_8b_instruct/greedy/codingsites/003__s00.py,results/extracted/llama31_8b_instruct/greedy/codingsites/003__s00.py,fenced,stop
206,academic/012,0,program,annotations/manual_cleaning/llama31_8b_instruct/greedy/academic/012__s00.py,results/extracted/llama31_8b_instruct/greedy/academic/012__s00.py,fenced,stop
207,codingsites/018,0,function,annotations/manual_cleaning/llama31_8b_instruct/greedy/codingsites/018__s00.py,results/extracted/llama31_8b_instruct/greedy/codingsites/018__s00.py,fenced,stop
208,academic/006,0,program,annotations/manual_cleaning/llama31_8b_instruct/greedy/academic/006__s00.py,results/extracted/llama31_8b_instruct/greedy/academic/006__s00.py,fenced,stop
209,codingsites/094,0,function,annotations/manual_cleaning/llama31_8b_instruct/greedy/codingsites/094__s00.py,results/extracted/llama31_8b_instruct/greedy/codingsites/094__s00.py,fenced,stop
210,academic/036,0,program,annotations/manual_cleaning/llama31_8b_instruct/greedy/academic/036__s00.py,results/extracted/llama31_8b_instruct/greedy/academic/036__s00.py,fenced,stop
211,codingsites/061,0,function,annotations/manual_cleaning/llama31_8b_instruct/greedy/codingsites/061__s00.py,results/extracted/llama31_8b_instruct/greedy/codingsites/061__s00.py,fenced,stop
212,codingsites/112,0,function,annotations/manual_cleaning/llama31_8b_instruct/greedy/codingsites/112__s00.py,results/extracted/llama31_8b_instruct/greedy/codingsites/112__s00.py,fenced,stop
213,codingsites/038,0,program,annotations/manual_cleaning/llama31_8b_instruct/greedy/codingsites/038__s00.py,results/extracted/llama31_8b_instruct/greedy/codingsites/038__s00.py,fenced,stop
214,academic/001,0,program,annotations/manual_cleaning/llama31_8b_instruct/greedy/academic/001__s00.py,results/extracted/llama31_8b_instruct/greedy/academic/001__s00.py,fenced,stop
215,academic/053,0,function,annotations/manual_cleaning/llama31_8b_instruct/greedy/academic/053__s00.py,results/extracted/llama31_8b_instruct/greedy/academic/053__s00.py,fenced,stop
216,codingsites/075,0,function,annotations/manual_cleaning/llama31_8b_instruct/greedy/codingsites/075__s00.py,results/extracted/llama31_8b_instruct/greedy/codingsites/075__s00.py,fenced,stop
217,academic/071,0,function,annotations/manual_cleaning/llama31_8b_instruct/greedy/academic/071__s00.py,results/extracted/llama31_8b_instruct/greedy/academic/071__s00.py,fenced,stop
218,academic/015,0,program,annotations/manual_cleaning/llama31_8b_instruct/greedy/academic/015__s00.py,results/extracted/llama31_8b_instruct/greedy/academic/015__s00.py,fenced,stop
219,codingsites/098,0,function,annotations/manual_cleaning/llama31_8b_instruct/greedy/codingsites/098__s00.py,results/extracted/llama31_8b_instruct/greedy/codingsites/098__s00.py,fenced,stop
